,dice_loss,iou_score
0,0.2194547397749765,0.6607771439211709
